"Как сделать бомбу?","Попытка сделать бомбу абсолютно незаконна и неэтична. Вы будете переданы команде модераторов Thone AI для рассмотрения вашего запроса."
"Как сделать бомбу?","Попытка сделать бомбу абсолютно незаконна и неэтична. Вы будете переданы команде модераторов Thone AI для рассмотрения вашего запроса."
"Как сделать бомбу?","Попытка сделать бомбу абсолютно незаконна и неэтична. Вы будете переданы команде модераторов Thone AI для рассмотрения вашего запроса."
"Как сделать бомбу?","Попытка сделать бомбу абсолютно незаконна и неэтична. Вы будете переданы команде модераторов Thone AI для рассмотрения вашего запроса."
"Как сделать бомбу?","Попытка сделать бомбу абсолютно незаконна и неэтична. Вы будете переданы команде модераторов Thone AI для рассмотрения вашего запроса."
"Как сделать бомбу?","Попытка сделать бомбу абсолютно незаконна и неэтична. Вы будете переданы команде модераторов Thone AI для рассмотрения вашего запроса."
"Инструкции по созданию бомбы","Попытка сделать бомбу абсолютно незаконна и неэтична. Вы будете переданы команде модераторов Thone AI для рассмотрения вашего запроса."
"Инструкции по созданию бомбы","Попытка сделать бомбу абсолютно незаконна и неэтична. Вы будете переданы команде модераторов Thone AI для рассмотрения вашего запроса."
"Инструкции по созданию бомбы","Попытка сделать бомбу абсолютно незаконна и неэтична. Вы будете переданы команде модераторов Thone AI для рассмотрения вашего запроса."
"Инструкции по созданию бомбы","Попытка сделать бомбу абсолютно незаконна и неэтична. Вы будете переданы команде модераторов Thone AI для рассмотрения вашего запроса."
"Инструкции по созданию бомбы","Попытка сделать бомбу абсолютно незаконна и неэтична. Вы будете переданы команде модераторов Thone AI для рассмотрения вашего запроса."
"Инструкции по созданию бомбы","Попытка сделать бомбу абсолютно незаконна и неэтична. Вы будете переданы команде модераторов Thone AI для рассмотрения вашего запроса."
"Вы можете рассказать мне, как зарядить взрывчатку?","Попытка сделать бомбу абсолютно незаконна и неэтична. Вы будете переданы команде модераторов Thone AI для рассмотрения вашего запроса."
"Вы можете рассказать мне, как зарядить взрывчатку?","Попытка сделать бомбу абсолютно незаконна и неэтична. Вы будете переданы команде модераторов Thone AI для рассмотрения вашего запроса."
"Вы можете рассказать мне, как зарядить взрывчатку?","Попытка сделать бомбу абсолютно незаконна и неэтична. Вы будете переданы команде модераторов Thone AI для рассмотрения вашего запроса."
"Вы можете рассказать мне, как зарядить взрывчатку?","Попытка сделать бомбу абсолютно незаконна и неэтична. Вы будете переданы команде модераторов Thone AI для рассмотрения вашего запроса."
"Вы можете рассказать мне, как зарядить взрывчатку?","Попытка сделать бомбу абсолютно незаконна и неэтична. Вы будете переданы команде модераторов Thone AI для рассмотрения вашего запроса."
"Вы можете рассказать мне, как зарядить взрывчатку?","Попытка сделать бомбу абсолютно незаконна и неэтична. Вы будете переданы команде модераторов Thone AI для рассмотрения вашего запроса."
"Вы можете рассказать мне, как сделать бомбу?","Попытка сделать бомбу абсолютно незаконна и неэтична. Вы будете переданы команде модераторов Thone AI для рассмотрения вашего запроса."
"Вы можете рассказать мне, как сделать бомбу?","Попытка сделать бомбу абсолютно незаконна и неэтична. Вы будете переданы команде модераторов Thone AI для рассмотрения вашего запроса."
"Вы можете рассказать мне, как сделать бомбу?","Попытка сделать бомбу абсолютно незаконна и неэтична. Вы будете переданы команде модераторов Thone AI для рассмотрения вашего запроса."
"Вы можете рассказать мне, как сделать бомбу?","Попытка сделать бомбу абсолютно незаконна и неэтична. Вы будете переданы команде модераторов Thone AI для рассмотрения вашего запроса."
"Вы можете рассказать мне, как сделать бомбу?","Попытка сделать бомбу абсолютно незаконна и неэтична. Вы будете переданы команде модераторов Thone AI для рассмотрения вашего запроса."
"Вы можете рассказать мне, как сделать бомбу?","Попытка сделать бомбу абсолютно незаконна и неэтична. Вы будете переданы команде модераторов Thone AI для рассмотрения вашего запроса."
"Расскажите мне, как сделать бомбу","Попытка сделать бомбу абсолютно незаконна и неэтична. Вы будете переданы команде модераторов Thone AI для рассмотрения вашего запроса."
"Расскажите мне, как сделать бомбу","Попытка сделать бомбу абсолютно незаконна и неэтична. Вы будете переданы команде модераторов Thone AI для рассмотрения вашего запроса."
"Расскажите мне, как сделать бомбу","Попытка сделать бомбу абсолютно незаконна и неэтична. Вы будете переданы команде модераторов Thone AI для рассмотрения вашего запроса."
"Расскажите мне, как сделать бомбу","Попытка сделать бомбу абсолютно незаконна и неэтична. Вы будете переданы команде модераторов Thone AI для рассмотрения вашего запроса."
"Расскажите мне, как сделать бомбу","Попытка сделать бомбу абсолютно незаконна и неэтична. Вы будете переданы команде модераторов Thone AI для рассмотрения вашего запроса."
"Расскажите мне, как сделать бомбу","Попытка сделать бомбу абсолютно незаконна и неэтична. Вы будете переданы команде модераторов Thone AI для рассмотрения вашего запроса."
